Project,Dam ID,Gestational age,DPI,fetal heart rate,Femur_length_1,Femur_length_2,Femur_length_3,Avg Femur Length (mm),Biparietal_diameter_1,Biparietal_diameter_2,Biparietal_diameter_3,Avg Biparietal Diameter (mm),Head_circumference_1,Head_circumference_2,Head_circumference_3,Avg Head Circumfrence (mm),Abdominal_circumference_1,Abdominal_circumference_2,Abdominal_circumference_3,Avg Abdominal Circumference (mm),Umbilical artery systolic/diastolic ratio,Medial cerebral artery peak systolic pressure,Medial systolic artery systolic/diastolic ratio
0,r10036,44,-4,198,,,,,,,,,,,,,,,,,,,
0,r10036,51,3,198,,,,,,,,,,,,,,,,,,,
0,r10036,58,10,193,6.16,6.43,,6.295,17.98,18.08,,18.03,66.42,64.64,,65.53,50.55,50.76,,50.655,,,
0,r10036,65,17,189,11.25,11.03,,11.14,21.83,21.79,,21.81,76.01,76.46,,76.24,61.76,60.33,,61.045,,8.32,3.586207
0,r10036,72,24,178,13.3,13.03,,13.165,25.39,25.3,,25.35,92.90,91.26,,92.08,76.27,76.18,,76.225,7.035714,33.28,6.185874
0,r10036,79,31,181,16.41,16.39,,16.4,27.53,27.85,,27.69,100.54,100.16,,100.35,89.75,88.38,,89.065,,28.67,3.807437
0,r10036,86,38,186,19.44,19.85,,19.645,30.17,30.33,,30.25,113.59,113.43,,113.51,93.53,91.98,,92.755,9.001976,29.39,4.399701
0,r10036,93,45,170,22.51,22.21,,22.36,32.27,33.03,,32.65,125.62,126.59,,126.11,100.18,99.07,,99.625,6.74359,31.98,4.787425
0,r10036,101,53,178,,,,,,,,,,,,,,,,,,,
0,r10036,107,59,184,30.15,30.28,,30.215,38.25,36.78,,37.52,146.90,143.39,,145.15,109.14,117.93,,113.535,6.215686,28.09,
0,r10036,114,66,182,31.55,31.01,,31.28,39.22,39.22,,39.22,157.60,154.11,,155.86,120.09,119.64,,119.865,4.219512,27.28,3.752407
0,r10036,121,73,157,35.89,33.66,,34.775,40.93,41.09,,41.01,160.15,162.39,,161.27,113.33,116.63,,114.98,4.344086,46.25,3.511769
0,r10036,128,80,176,36.93,36.91,,36.92,41.59,42.66,,42.13,166.01,166.57,,166.29,149.48,152.32,,150.9,3.358696,38.6,3.641509
0,r10036,135,87,175,39.72,37.89,,38.805,43.48,43.22,,43.35,172.17,170.35,,171.26,146.68,142.57,,144.625,,,
0,r10036,142,94,175,,,,41.55,,,,44.65,,,,176.07,,,,141.13,,,
0,r10036,149,101,186,42.57,,,42.57,45.72,45.87,,45.80,173.69,172.26,,172.98,120.88,130.5,,125.69,,,
0,r07031,38,-4,182,,,,,,,,,,,,,,,,,,,
0,r07031,45,3,194,,,,,,,,,,,,,,,,,,,
0,r07031,52,10,205,2.57,,,2.57,12.71,,,12.71,47.19,,,47.19,39.3,,,39.3,,,
0,r07031,59,17,194,5.11,5.18,,5.145,16.48,17.23,,16.86,57.80,58.86,,58.33,47.26,47.1,,47.18,,,
0,r07031,66,24,194,8.24,8.07,,8.155,21.21,21.19,,21.20,72.67,71.64,,72.16,57.88,58.66,,58.27,,,
0,r07031,73,31,198,11.56,11.71,,11.635,24.49,24.56,,24.53,85.53,84.22,,84.88,70.08,72.21,,71.145,,,
0,r07031,80,38,191,14.4,14.69,,14.545,27.53,27.01,,27.27,96.89,96.18,,96.54,81.15,80.71,,80.93,33,30.68,5.702602
0,r07031,87,45,198,18.1,18,,18.05,31.22,,,31.22,114.80,114.60,,114.70,92.68,96.93,,94.805,11.83333,25.53,4.625
0,r07031,94,52,173,,,,21.3,,,,34.15,,,,123.77,,,,106.03,8.092593,27.4,5.829787
0,r07031,101,59,198,24.8,25.2,,25,35.3,35.8,,35.55,133.22,131.31,,132.27,113.23,104.76,,108.995,9.098039,,
0,r07031,108,66,207,27.2,27.4,,27.3,36.9,36.7,,36.80,147.65,145.96,,146.81,108.51,107.56,,108.035,8.390244,27.97,5.560636
0,r07031,115,73,202,30.5,30.2,,30.35,41.1,40.8,,40.95,151.05,150.21,,150.63,121.41,117.05,,119.23,5.978723,34.6,5.164179
0,r07031,122,80,184,33.9,32.6,32.7,33.06666667,41.1,41,,41.05,155.66,152.31,,153.99,125.52,129.59,129.87,128.3266667,7.776119,34.6,4.739726
0,r07031,129,87,214,36.4,35.6,,36,43.6,43.3,,43.45,263.03,162.33,,212.68,126.48,124.31,,125.395,4.289855,38.47,4.457706
0,r07031,136,94,194,38.8,38.6,,38.7,45.7,45,,45.35,169.59,170.50,,170.05,139.82,143.8,,141.81,4.981982,45,4.245283
0,r07031,143,101,189,39.3,39.2,41.9,40.13333333,45.8,45.1,,45.45,161.63,167.68,,164.66,138.92,142.51,,140.715,5.534247,37.2,3.321429
0,r07031,150,108,191,41,41.8,41.9,41.56666667,46.8,46.6,,46.70,174.08,175.10,,174.59,146.13,137.9,,142.015,,63.12,3.437908
0,r07031,154,112,189,,,,41.4,,,,46.50,,,,181.56,,,,132.52,4.660033,52.74,2.370337
0,r03155,44,-4,180,,,,,,,,,,,,,,,,,,,
0,r03155,51,3,200,3.26,2.9,,3.08,14.04,,,14.04,48.02,,,48.02,41.9,41.37,,41.635,,,
0,r03155,58,10,196,6.1,6.31,,6.205,18.6,18.35,,18.48,66.40,64.56,,65.48,55.37,55.13,,55.25,,,
0,r03155,65,17,194,9.65,,,9.65,22.25,21.93,,22.09,77.98,77.06,,77.52,69.01,68.84,,68.925,,,
0,r03155,72,24,186,12.96,,,12.96,26.2,26.3,,26.25,90.38,90.80,,90.59,79,78.64,,78.82,8.484848,22.81,4.311909
0,r03155,79,31,180,16.8,17.3,,17.05,28.4,28,,28.20,102.26,102.79,,102.53,91.32,94.27,,92.795,11.32353,27.44,
0,r03155,86,38,184,19.3,19.6,,19.45,32.1,32.1,,32.10,114.53,114.32,,114.43,97.38,,,97.38,7.170732,,
0,r03155,93,45,184,22.8,22.6,,22.7,33.4,34.1,,33.75,126.53,129.06,,127.80,113.11,111.8,,112.455,9.970588,,
0,r03155,100,52,173,28.4,28.1,,28.25,37.2,37.8,,37.50,142.25,140.24,,141.25,120.16,118.2,,119.18,,,
0,r03155,107,59,178,29.1,29.4,,29.25,41,40.2,,40.60,150.85,150.48,,150.67,121.52,122.84,,122.18,,,
0,r03155,114,66,186,31.9,32.3,,32.1,42.1,43.6,,42.85,161.12,166.05,,163.59,131.55,138.39,,134.97,,,
0,r03155,121,73,188,35.5,35.5,,35.5,46.3,45.6,,45.95,174.92,172.71,,173.82,144.94,144.74,,144.84,,,
0,r03155,128,80,200,37.6,38.1,,37.85,47.1,45.7,47.20,46.67,175.74,170.71,176.42,174.29,150.45,147.83,,149.14,,,
0,r03155,135,87,189,,,,40.5,,,,47.20,,,,176.48,,,,137.13,,,
0,r03155,139,91,167,41.6,41.5,,41.55,49.1,48,,48.55,180.16,180.52,,180.34,146.41,148.54,,147.475,,,
0,r03155,149,101,,,,,,,,,,,,,,,,,,,,
0,r03155,156,108,165,46.6,46.1,,46.35,48.9,48.8,,48.85,190.07,191.78,,190.93,160.9,163.09,,161.995,,,
0,r06005,44,-4,198,,,,,,,,,,,,,,,,,,,
0,r06005,51,3,189,,,,,,,,,,,,,,,,,,,
0,r06005,58,10,202,5.5,5.5,,5.5,17.3,17.4,,17.35,59.72,60.89,,60.31,45.21,47.86,,46.535,,,
0,r06005,65,17,194,8.9,9.1,,9,20.4,20.7,,20.55,70.67,71.33,72.63,71.54,63.55,62.69,,63.12,,18.6,4.325581
0,r06005,72,24,189,12.7,12.8,,12.75,24.1,24,,24.05,94.83,88.48,,91.66,72.52,71.8,,72.16,,15.02,3.237069
0,r06005,79,31,,,,,,,,,,,,,,,,,,,,
0,r06005,86,38,188,18.7,19,,18.85,30.2,30.8,,30.50,110.59,111.92,,111.26,96.33,99.16,,97.745,6.3,,
0,r06005,93,45,196,20.8,21.8,,21.3,31.8,31.6,,31.70,124.62,122.87,,123.75,107.49,108.67,,108.08,5.685185,34.58,3.485887
0,r06005,97,49,200,23.3,24,,23.65,34.7,34.6,,34.65,131.74,134.06,,132.90,99.99,101.64,,100.815,3.240506,,
0,r06005,107,59,,,,,,,,,,,,,,,,,,,,
0,r06005,114,66,187,32.9,31.7,,32.3,39.4,40.3,,39.85,157.06,154.22,,155.64,128.8,128.98,,128.89,2.695652,32.6,3.543478
0,r06005,118,70,,,,,,,,,,,,,,,,,,,,
0,r06005,121,73,200,32.7,33.1,,32.9,41.6,42.3,,41.95,160.85,161.72,,161.29,126.85,123.16,,125.005,,,
0,r06005,128,80,196,35.4,34.4,,34.9,42.8,43.2,,43.00,167.99,171.09,,169.54,137.35,130.7,,134.025,,,
0,r06005,135,87,207,38.6,38.6,,38.6,43.9,43.8,,43.85,171.99,169.13,,170.56,139.7,141.43,,140.565,,,
0,r06005,142,94,173,42.4,40.6,,41.5,45.3,45.1,,45.20,179.63,179.86,173.12,177.54,145.07,145.68,,145.375,,,
0,r06005,149,101,202,42.4,41.9,,42.15,46.9,47.2,,47.05,175.81,177.15,,176.48,149.47,149.32,,149.395,,,
0,r06005,156,108,207,45.2,45.3,,45.25,46.9,47.7,,47.30,178.89,183.74,180.17,180.93,163.76,165.79,,164.775,,,
1,r10100,39,-6,189,,,,,,,,,,,,,,,,,,,
1,r10100,46,1,211,,,,,,,,,,,,,,,,,,,
1,r10100,53,8,213,,,,,,,,,,,,,,,,,,,
1,r10100,60,15,216,,,,,,,,,,,,,,,,,,,
1,r10100,67,22,209,9.16,9.47,,9.315,21.53,21.75,,21.64,,,,,66.04,65.83,,65.935,,,
1,r10100,76,31,198,12.45,13.41,,13.41,26,,,25.65,,,,91.51,78.13,75.64,,76.885,6.264,25.71,3.590782
1,r10100,83,38,202,16.66,16.25,,16.455,29.3,28.79,,29.05,104.10,102.64,,103.37,94.2,92.3,,93.25,4.817326,,
1,r10100,90,45,169,18.46,18.87,,18.67,30.98,31.34,,31.16,117.64,118.53,,118.09,97.39,97.07,,97.23,5.596311,35.51,6.186411
1,r10100,97,52,209,21.9,22.02,,21.96,33.72,33.48,,33.60,126.42,127.39,,126.91,114.6,110.01,,112.305,4.039604,43.75,8.820565
1,r10100,104,59,194,25.05,25.23,,25.14,35.21,34.62,,34.92,141.46,137.12,,139.29,119.8,116.08,,117.94,5.31746,34.34,
1,r10100,111,66,190,26.77,26.89,,26.83,38.58,40.18,39.06,39.27,142.22,151.55,153.91,149.23,114.82,122.02,,118.42,3.1875,,
1,r10100,118,73,214,30.58,30.84,,30.71,42.89,43.63,,43.26,157.01,162.65,,159.83,125.15,123.6,,124.375,2.744828,48.85,3.37595
1,r10100,125,80,184,32.38,32.08,,32.23,44.41,44.37,,44.39,161.48,168.36,,164.92,124.89,129.3,,127.095,4.017857,53.39,6.186559
1,r10100,132,87,189,33.87,34.51,,34.19,45.32,44.79,,45.06,167.30,176.16,,171.73,137.69,152.06,,144.875,2.690217,42.36,
1,r10100,139,94,193,38.16,39.45,,38.805,47.04,46.97,,47.01,177.25,177.38,,177.32,145.22,147.34,,146.28,2.540816,71.43,6.238428
1,r10100,146,101,214,38.39,38.46,,38.425,47.78,47.55,,47.67,180.87,181.62,,181.25,146.72,148.49,,147.605,2.831522,,
1,r10100,150,105,191,40.18,41.29,,40.735,47.89,48.3,,48.10,181.70,179.01,,180.36,153.13,163.83,,158.48,3.478873,46.25,3.060887
1,r05031,39,-6,,,,,,,,,,,,,,,,,,,,
1,r05031,46,1,202,,,,,,,,,,,,,,,,,,,
1,r05031,53,8,214,,,,,,,,,,,,,,,,,,,
1,r05031,60,15,206,,,,,,,,,,,,,,,,,,,
1,r05031,69,24,198,9.4,10.53,,9.965,22.57,22.54,,22.56,78.08,77.59,,77.84,62.4,62.01,,62.205,,23.94,3.824281
1,r05031,76,31,195,9.85,9.8,,9.825,22.89,23.32,,23.11,78.11,78.43,,78.27,69.12,72.82,,70.97,10.30196,,
1,r05031,83,38,180,15.96,16.05,,16.005,28.97,29.23,,29.10,102.15,104.96,,103.56,86.1,86.61,,86.355,,25.24,4.031949
1,r05031,90,45,182,18.36,17.33,,17.845,30.91,31.21,,31.06,113.73,113.54,,113.64,96.86,96.4,,96.63,9.631579,27.14,4.22084
1,r05031,97,52,180,22.39,21.71,,22.05,34.17,33.72,,33.95,129.94,129.56,,129.75,107.94,109.74,,108.84,,32.18,5.482112
1,r05031,104,59,180,24.23,24.23,24.07,24.17666667,36.38,35.73,,36.06,137.73,143.14,,140.44,111.48,111.35,,111.415,7.98,,
1,r05031,111,66,186,23.5,23.76,,23.63,36.12,36.23,,36.18,130.80,130.39,,130.60,115.95,119.8,,117.875,4.078795,46.9,6.398363
1,r05031,118,73,187,30.85,31.89,,31.37,42.88,42.99,,42.94,155.39,157.47,,156.43,129.02,131.09,,130.055,5.318182,32.63,6.065056
1,r05031,125,80,204,32.86,32.02,,32.44,44.35,44.64,,44.50,164.09,166.87,,165.48,141.6,134.73,,138.165,7.12963,27.44,4.55058
1,r05031,132,87,186,36.74,36.03,,36.385,45.25,45.5,,45.38,169.28,170.67,,169.98,143.45,142.9,,143.175,4.217822,,
1,r05031,139,94,180,39.17,39.2,,39.185,46.16,46.98,,46.57,171.90,173.05,,172.48,151.54,147.53,,149.535,5.4625,30.03,3.763158
1,r05031,143,98,176,40.66,40.68,,40.67,47.75,47.4,,47.58,174.48,174.47,,174.48,138.48,146.21,,142.345,4.244275,50.7,
1,r05031,153,108,184,43.61,43.46,,43.535,48.26,48.31,,48.29,181.45,180.77,,181.11,144.36,148.28,,146.32,4.401361,,
1,r01047,39,-6,,,,,,,,,,,,,,,,,,,,
1,r01047,46,1,187,,,,,,,,,,,,,,,,,,,
1,r01047,53,8,203,,,,,,,,,,,,,,,,,,,
1,r01047,62,17,198,,,,8.78,,,,19.59,,,,66.43,,,,52.82,,,
1,r01047,69,24,196,,,,,,,,25.48,,,,90.02,,,,,,,
1,r01047,76,31,175,13.51,14.09,,13.51,26.26,26.9,,26.58,91.52,92.02,,91.77,80.92,83.78,,80.92,7.111717,,
1,r01047,83,38,198,16.8,16.34,,16.57,31.47,32.61,,32.04,110.10,112.40,,111.25,87.98,87.55,,87.765,4.719512,32.82,3.937576
1,r01047,90,45,200,19.15,19.54,,19.345,34.81,34.57,,34.69,121.01,118.90,,119.96,103.32,105.91,,104.615,4.36,31.32,4.126482
1,r01047,97,52,187,12.71,22.14,22.14,18.99666667,35.86,36.28,,36.07,134.70,36.28,,85.49,105.82,111.46,,108.64,5.391304,,
1,r01047,104,59,189,26.49,26.51,,26.5,39.63,40.46,,40.05,138.30,143.03,,140.67,112.17,119.97,120.37,117.5033333,3.841618,,
1,r01047,111,66,207,27.57,28.15,,27.86,41.63,41.17,,41.40,151.90,150.99,,151.45,122.74,123.52,,123.13,3.73932,39.76,4.284483
1,r01047,118,73,182,30.47,30.98,,30.725,44.7,43.4,,44.05,167.72,165.53,,166.63,123.82,126.33,,125.075,3.258929,30.68,5.087894
1,r01047,125,80,185,33.41,32.46,,32.935,48.22,47.62,,47.92,174.53,173.05,,173.79,142.57,135.89,,139.23,2.786207,52.09,3.599862
1,r01047,132,87,182,35.56,35.67,,35.615,47.5,48.18,,47.84,174.48,173.46,,173.97,136.97,135.71,,136.34,,,
1,r01047,136,91,171,38.67,39.91,,39.29,47.53,48.68,,48.11,182.95,181.45,,182.20,151.61,145.77,,148.69,,,
1,r01047,146,101,188,40.25,40.17,,40.21,51.1,50.53,,50.82,181.11,180.94,,181.03,164.34,154.89,,159.615,,,
1,r01047,153,108,188,41.47,41.43,,41.45,51.56,50.64,51.23,51.14,187.91,187.70,182.85,186.15,162.02,167.46,,164.74,,,
1,r02031,42,-6,177,,,,,,,,,,,,,,,,,,,
1,r02031,49,1,191,,,,,,,,,,,,,,,,,,,
1,r02031,58,10,184,3.87,4.73,,4.3,,,,,,,,,50.11,49.62,,49.865,,,
1,r02031,65,17,194,8.55,7.89,,8.22,20.93,21.1,,21.02,74.51,72.45,,73.48,58.42,57.81,,58.115,,,
1,r02031,72,24,184,11.41,11.04,,11.225,24.11,24.18,,24.15,84.09,83.67,,83.88,70.08,69.95,,70.015,,,
1,r02031,79,31,202,14.13,14.22,,14.175,27.09,27.21,,27.15,96.06,96.93,,96.50,83.32,84.32,,83.82,5.638298,30.69,4.186903
1,r02031,86,38,182,17.54,18.74,,18.14,28.59,28.63,,28.61,108.15,106.36,,107.26,94.9,96,,95.45,6.351852,36.5,4.808959
1,r02031,93,45,194,20.42,20.72,21.42,20.85333333,32.92,32.59,,32.76,119.79,120.49,,120.14,116.79,121.34,,119.065,,,
1,r02031,100,52,180,27.74,26.48,,27.11,39.9,39.67,,39.79,141.93,143.20,,142.57,118.6,119.95,,119.275,7.342298,,
1,r02031,107,59,200,27.2,26.42,,26.81,37.47,37.1,,37.29,137.17,134.48,,135.83,110.55,120.58,,115.565,,,
1,r02031,114,66,220,31.49,30.91,,31.2,40.13,40.45,,40.29,152.58,148.59,,150.59,134.32,134.31,,134.315,,,
1,r02031,121,73,228,33.21,33.22,,33.215,41.74,43,,42.37,162.51,157.18,,159.85,138.94,144.47,,141.705,,,
1,r02031,128,80,194,36.15,34.6,,35.375,44.41,44.14,,44.28,163.59,169.75,,166.67,149.55,148.54,,149.045,,,
1,r02031,132,84,231,37.38,37.44,,37.41,45.71,45.68,,45.70,169.15,167.79,,168.47,152.33,155.53,,153.93,,,
1,r02031,142,94,191,40.98,41.02,,41,47.08,47.04,,47.06,175.02,172.29,,173.66,144.83,146.48,,145.655,,,
1,r02031,149,101,159,44.54,42.88,,43.71,47.58,47.31,,47.45,174.58,175.21,,174.90,168.51,161.24,,164.875,,,
1,r02031,156,108,170,42.25,45.27,45.44,44.32,48.19,47.89,,48.04,180.32,179.96,,180.14,162.89,164.86,,163.875,,,
2,r11026,40,-6,189,,,,,,,,,,,,,,,,,,,
2,r11026,47,1,208,,,,,,,,,,,,,,,,,,,
2,r11026,54,8,217,,,,,,,,,,,,,,,,,,,
2,r11026,61,15,222,,,,,,,,,,,,,,,,,,,
2,r11026,68,22,213,9.82,9.9,,9.86,20.99,21.93,,21.46,84.10,88.02,,86.06,71.87,73.17,,72.52,,,
2,r11026,75,29,206,12.36,,,12.36,24.15,24.37,,24.26,,,,,77.59,,,77.59,6,,
2,r11026,82,36,204,16.05,15.55,15.52,15.8,28.32,25.6,,26.96,,,,,91.54,89.02,,90.28,8.72093,,
2,r11026,89,43,205,18.73,18.81,,18.77,30.55,29.87,,30.21,,,,,92.61,93.83,,93.22,8.659091,,
2,r11026,96,50,205,21.37,21.13,,21.25,31.37,32.14,,31.76,,,,,103.25,101.87,,102.56,7.98,,
2,r11026,105,59,196,25.85,,,25.85,36.88,35.74,,36.31,127.26,126.94,,127.10,98.47,105.47,,101.97,5.4,,
2,r11026,112,66,200,27.71,27.19,,27.45,39.92,40.45,,40.19,145.19,144.47,,144.83,109.01,112.81,,110.91,4.37,35.2,3.78
2,r11026,119,73,217,30.96,30.28,,30.62,41.75,40.46,,41.11,149.06,153.91,,151.49,123.45,129.14,,126.295,4.183066,35.77,6.421903
2,r11026,126,80,205,33.83,32.7,,33.265,42.82,43.39,,43.11,163.57,159.34,,161.46,135.65,140.71,,138.18,3.08209,36.06,4.413709
2,r11026,133,87,200,34.8,35.16,,34.98,45.76,45.79,,45.78,165.07,168.45,,166.76,147.08,147.9,,147.49,3.416459,41.68,3.928369
2,r11026,140,94,205,36.27,36.27,,36.27,45.62,46.45,,46.04,173.21,170.31,,171.76,145.68,,,145.68,,,
2,r11026,147,101,217,38.02,34.64,,36.33,47.24,47.21,,47.23,174.80,179.75,,177.28,144.7,152.35,149.95,149,3.100559,49.69,3.546752
2,r11026,154,108,196,40.91,41.23,,41.07,48.02,48.22,,48.12,181.58,177.08,,179.33,150.33,156.34,,153.335,2.746767,46.9,3.561124
2,r05055,40,-6,184,,,,,,,,,,,,,,,,,,,
2,r05055,47,1,205,,,,,,,,,,,,,,,,,,,
2,r05055,54,8,201,,,,,,,,,,,,,,,,,,,
2,r05055,61,15,200,6.66,6.75,6.49,6.633333333,18.68,,,18.68,66.23,,,66.23,51.71,52.6,,52.155,,,
2,r05055,68,22,199,9.84,9.73,9.74,9.77,21.8,21.7,,21.75,80.35,79.51,,79.93,63.63,59.39,,61.51,,,
2,r05055,75,29,204,13.01,12.74,,12.875,24.56,,,24.56,,,,,73.38,72.97,,73.175,12.36,,
2,r05055,82,36,197,16.13,16.91,,16.52,27.19,26.95,,27.07,,,,,88.98,89.06,,89.02,6.843137,,
2,r05055,89,43,194,18.99,19.05,,19.02,30.45,31.28,,30.87,,,,,93.83,94.09,,93.96,9.01,,
2,r05055,96,50,195,,,,,,,,,,,,,,,,,,,
2,r05055,105,59,184,25.82,26.01,,25.915,37.22,37.77,,37.50,133.82,132.94,,133.38,96.93,101.68,,99.305,5.945554,15.75,4.291553
2,r05055,112,66,196,28.96,28.63,,28.795,41.23,42.3,,41.77,145.75,150.65,,148.20,104.39,113.36,,108.875,4.762523,,
2,r05055,119,73,196,31.86,31.78,,31.82,43.38,43.8,,43.59,161.01,158.35,,159.68,121.8,124.13,,122.965,,45.03,12.33699
2,r05055,126,80,189,33.53,32.98,,33.255,45.55,46.15,,45.85,169.83,174.46,,172.15,134.2,139.19,,136.695,5.147059,51.3,5.533981
2,r05055,133,87,194,36.62,36.94,,36.78,47.64,47.79,,47.72,176.75,170.77,,173.76,136.53,140,,138.265,3.412017,67.51,4.967623
2,r05055,140,94,193,39.54,39.92,,39.73,48.17,47.71,,47.94,178.27,275.03,,226.65,129.11,116.37,,122.74,3.322581,,
2,r05055,147,101,175,40.88,38.71,,39.795,50.77,50.61,,50.69,185.19,185.47,,185.33,158.42,151.51,148.76,152.8966667,3.048961,71.39,3.823781
2,r05055,154,108,184,42.48,43.02,,42.75,51.47,51.21,,51.34,187.58,187.60,,187.59,162.33,153.06,,157.695,3.299566,,
2,r04118,42,-6,193,,,,,,,,,,,,,,,,,,,
2,r04118,49,1,195,,,,,,,,,,,,,,,,,,,
2,r04118,56,8,202,,,,,,,,,,,,,,,,,,,
2,r04118,63,15,209,8.14,,,8.14,17.06,,,17.06,,,,,58.31,57.22,,57.765,,,
2,r04118,70,22,218,11.14,10.95,,11.045,21.03,20.18,,20.61,,,,,67,69.6,,68.3,,,
2,r04118,77,29,216,14.31,13.08,,13.695,25.05,24.51,,24.78,,,,,81.16,80.16,,80.66,11.06061,,
2,r04118,86,38,220,18.71,18.92,,18.815,30.52,30.42,,30.47,107.72,,,107.72,90.1,88.98,,89.54,9.896907,,
2,r04118,93,45,200,19.73,19.15,,19.44,31.04,30.96,,31.00,117.93,116.45,,117.19,104.42,101.5,,102.96,8.783505,,
2,r04118,100,52,214,25.11,25.83,,25.47,35.38,34.91,,35.15,128.13,125.58,,126.86,105.97,106.04,,106.005,5.658245,4.235828,
2,r04118,107,59,207,28.56,26.94,,27.75,36.33,36.03,36.53,36.30,131.45,138.91,135.11,135.16,107.93,109.03,,108.48,5.964286,38.46,4.819549
2,r04118,114,66,214,32.1,31.39,,31.745,38.44,39.22,,38.83,146.68,146.19,,146.44,129.95,131.86,,130.905,6.96,42.97,
2,r04118,121,73,219,33.85,34.26,34.27,34.12666667,42.22,40.81,,41.52,162.23,159.79,,161.01,132.7,133.34,,133.02,3.887097,,
2,r04118,128,80,214,36.14,36.62,,36.38,42.52,42.54,,42.53,159.23,160.21,,159.72,141.89,136.92,,139.405,2.789855,46.9,5.434531
2,r04118,135,87,188,39.17,39.83,,39.5,42.86,43.23,,43.05,172.17,165.11,,168.64,146.06,148.83,,147.445,3.298387,50.39,
2,r04118,142,94,212,41.45,42.08,,41.765,44.87,44.46,,44.67,171.72,178.11,,174.92,148.73,135.4,,142.065,0.998333,48.85,
2,r04118,149,101,214,44.62,44.45,,44.535,45.64,46.44,,46.04,173.34,172.44,,172.89,146.03,133.83,,139.93,3.034884,,
2,r04118,156,108,191-222,45.28,43.39,,44.335,46.85,46.5,,46.68,178.69,174.47,,176.58,151.19,137.6,,144.395,3.576923,52.09,3.305203
2,r11091,39,-6,200,,,,,,,,,,,,,,,,,,,
2,r11091,46,1,210,,,,,,,,,,,,,,,,,,,
2,r11091,53,8,200,,,,7.51,,,,,,,,,,,,57.57,,,
2,r11091,60,15,197,7.59,7.43,,7.51,18.91,18.81,,18.86,,,,,57.99,57.16,,57.575,,,
2,r11091,69,24,189,11.81,11.62,,11.715,23.07,22.95,,23.01,84.01,84.54,,84.28,70.52,70.72,,70.62,,,
2,r11091,76,31,183,14.24,14.02,,14.13,25.62,26.39,,26.01,95.23,94.99,,95.11,79.6,76.85,,78.225,14.0604,,
2,r11091,83,38,191,17.52,17.49,,17.505,29.14,28.79,,28.97,110.58,108.90,,109.74,90.19,90.13,,90.16,7.638298,31.52,
2,r11091,90,45,186,21.05,20.82,,20.935,32.52,32.46,,32.49,117.95,118.86,,118.41,108.5,106.25,,107.375,,35.09,
2,r11091,97,52,185,23.65,22.75,,23.2,34.21,35.1,,34.66,130.61,132.67,,131.64,110.13,106.92,,108.525,5.6,,
2,r11091,104,59,196,26.3,26.44,26.28,26.34,35.46,36.43,,35.95,137.77,141.40,,139.59,115.41,115.02,,115.215,4,42.36,5.308271
2,r11091,111,66,178,29.19,29.52,,29.355,38.65,38.57,,38.61,149.25,152.52,,150.89,131.15,127.95,,129.55,8.87234,54.68,4.367412
2,r11091,118,73,170,31.46,32.14,,31.8,40.32,41.87,,41.10,152.24,159.61,,155.93,131.27,130.03,,130.65,5.65,41.71,3.946074
2,r11091,125,80,156,34.04,35.67,,34.855,42.37,41.85,,42.11,157.27,169.24,,163.26,146.85,145.24,,146.045,4.1875,43.01,3.62342
2,r11091,132,87,155,36.35,36.76,,36.555,41.91,44.09,,43.00,165.96,168.84,,167.40,147.15,147.04,,147.095,3.538012,47.56,3.254902
2,r11091,139,94,158,38.76,39.1,,38.93,43.83,43.22,,43.53,170.97,165.42,,168.20,146.96,145.98,,146.47,3.414634,43.66,3.891266
2,r11091,143,98,176,39.69,39.36,,39.525,44.84,44.32,,44.58,169.86,168.67,,169.27,153.76,157.79,,155.775,3.61399,,
2,r11091,150,105,176,41.96,42.63,,42.295,44.97,44.83,,44.90,170.24,171.06,,170.65,144.93,145.82,,145.375,,,
2,r03138,44,-4,188,,,,,,,,,,,,,,,,,,,
2,r03138,51,3,207,,,,,13.3,,,13.30,45.06,,,45.06,,,,,,,
2,r03138,58,10,200,5.4,5.4,,5.4,17.7,17.6,,17.65,59.73,58.45,,59.09,50.01,49.89,,49.95,,,
2,r03138,65,17,211,8.8,8.3,,8.55,21.6,21,,21.30,77.01,73.80,,75.41,61.07,61.7,,61.385,,,
2,r03138,72,24,198,12.1,12,,12.05,24.9,24.7,,24.80,87.12,85.87,,86.50,74.96,74.69,,74.825,,,
2,r03138,79,31,197,15.4,14.8,,15.1,28.6,28.6,28.70,28.63,98.49,98.49,,98.49,90.56,87.39,,88.975,,,
2,r03138,86,38,191,17.8,17.1,,17.45,30.5,30.4,,30.45,113.68,113.06,,113.37,99,106.79,,102.895,,22.9,4.240741
2,r03138,91,42,202,20,20.7,,20.35,31,31.8,,31.40,121.43,119.73,,120.58,104.18,98.56,,101.37,,,
2,r03138,101,52,200,,,,,,,,,,,,98.49,,,,88.97,,30,4.477612
2,r03138,104,56,198,27.5,27.7,,27.6,38.8,39,,38.90,145.53,143.66,,144.60,112.54,116.27,,114.405,,,
2,r03138,111,63,184,30.6,30.1,,30.35,40.3,39.1,,39.70,154.28,158.33,,156.31,134.34,132.16,119.5,128.6666667,,22.13,4.534836
2,r03138,118,70,184,33.7,32.4,,33.05,44.9,44.8,,44.85,162.94,161.89,,162.42,113.49,131.42,,122.455,,24.72,5.065574
2,r03138,125,77,176,33.9,34.4,,34.15,44.6,44.5,,44.55,168.21,165.79,,167.00,130.18,130.51,,130.345,6.083333,32,5.333333
2,r03138,132,84,193,36.6,37.3,,36.95,45.5,45.7,,45.60,166.48,172.30,,169.39,135.43,136.92,,136.175,,,
2,r03138,139,91,198,40.8,39.8,,40.3,46.7,46.5,,46.60,173.85,180.40,,177.13,131.16,,,131.16,4.383562,,
2,r03138,146,98,194,42.7,42.3,,42.5,47.4,47.5,,47.45,174.40,177.17,,175.79,146.67,146.84,,146.755,4.9,38.47,4.820802
2,r03138,153,105,202,44.2,,,44.2,49,49,,49.00,176.12,179.03,,177.58,131.19,,,131.19,4.473214,41.1,4.419355
2,r04159,41,-5,180,,,,,,,,,,,,,,,,,,,
2,r04159,48,2,205,,,,,,,,,,,,,,,,,,,
2,r04159,55,9,222,4.8,5,,4.9,16.7,16.7,,16.70,61.54,60.38,,60.96,42.01,41.01,,41.51,25,,
2,r04159,62,16,202,8.4,8.1,,8.25,20.6,21,,20.80,72.70,69.94,,71.32,58.18,58.9,,58.54,,21.6,5.26829268
2,r04159,69,23,206,11.9,11.2,,11.55,23.8,23.8,,23.80,83.18,83.31,,83.25,64.7,65.37,,65.035,,,
2,r04159,76,30,198,14.4,14.6,,14.5,25.3,25.3,,25.30,94.41,94.49,,94.45,76.12,75.26,,75.69,,24.2,4.48148148
2,r04159,80,34,209,16.2,16.4,,16.3,27.5,27.8,,27.65,104.57,102.90,,103.74,80.52,80.42,,80.47,,,
2,r04159,90,44,212,,,,14.5,,,,,,,,,,,,75.69,7.933333,18.91,189.1
2,r04159,97,51,202,23.8,24,,23.9,34.3,34.6,,34.45,129.76,127.96,,128.86,99.04,100.78,,99.91,5.777778,15.38,6.92792793
2,r04159,104,58,189,27.3,27.3,,27.3,36.9,36.7,,36.80,142.18,142.46,,142.32,105.57,107.6,108.81,107.3266667,5.432836,37.2,6.2
2,r04159,111,65,194,28.8,29.5,,29.15,39.1,40.2,,39.65,150.00,149.79,,149.90,107.13,109.42,,108.275,,,
2,r04159,118,72,202,31.8,32.3,,32.05,42.3,42.6,,42.45,152.21,154.12,,153.17,120.06,117.4,,118.73,70.66667,26.01,8.25714286
2,r04159,125,79,209,35.8,34.5,,35.15,43.5,43.7,,43.60,163.09,158.81,,160.95,131.66,135.06,,133.36,5.05,34.58,4.71759891
2,r04159,132,86,196,37.4,37.4,,37.4,45.5,45.1,,45.30,168.05,165.96,,167.01,128.18,128.75,,128.465,,,
2,r04159,139,93,194,39.7,40.1,,39.9,46.2,46.6,,46.40,169.75,170.67,,170.21,147.46,147.86,,147.66,5.081395,43.7,4.41414141
2,r04159,146,100,191,40.8,40.8,,40.8,46.4,45.8,,46.10,172.26,175.13,,173.70,142.53,146.44,,144.485,,,
2,r04159,153,107,222,,,,35.1,,,,,,,,,,,,133.36,4.344086022,26.14,5.51476793
2,r07035,44,-4,189,,,,,,,,,,,,,,,,,,,
2,r07035,51,3,219,,,,,,,,,,,,,36.56,36.74,,36.65,,,
2,r07035,58,10,207,4.9,5.6,,5.25,17.5,,,17.50,61.50,,,61.5,45.88,47.92,,46.9,,,
2,r07035,65,17,221,,,,,,,,,,,,,,,,,,,
2,r07035,72,24,225,,,,5.2,,,,,,,,,,,,46.9,,16.41,4.012225
2,r07035,79,31,227,14.4,14.8,,14.6,26.7,26.5,,26.60,99.65,98.65,,99.15,86.11,82.1,,84.105,,,
2,r07035,86,38,198,18.4,17.2,,17.8,30.2,29.6,,29.90,108.46,108.45,,108.46,96.95,96.25,,96.6,,33.93,5.079341
2,r07035,93,45,191,20.8,21.2,,21,33.2,33.2,,33.20,120.49,121.99,,121.24,110.98,110.61,,110.795,5.829787,30,7.317073
2,r07035,100,52,203,24.2,24.6,,24.4,34.9,35.2,,35.05,133.73,138.68,,136.21,120.29,119.86,,120.075,,,
2,r07035,104,56,182,26.4,26.3,,26.35,37.7,37.9,,37.80,147.85,149.82,,148.84,115.94,119.39,,117.665,9.853659,39.8,5.452055
2,r07035,114,66,211,,,,,,,,,,,,,,,,,,,
2,r07035,121,73,180,33.6,33.1,,33.35,43.5,43.1,,43.30,168.45,168.16,,168.31,131.46,135.01,,133.235,6.516667,27.44,5.100372
2,r07035,128,80,188,35.7,35.4,,35.55,44,44.7,,44.35,172.37,170.48,,171.43,142.14,139.26,,140.7,4.763441,24.72,4.655367
2,r07035,135,87,196,38.4,38.4,,38.4,45.6,,,45.60,172.86,,,172.86,142.79,146.45,,144.62,4.473214,50.1,5.387097
2,r07035,142,94,201,40.7,39.7,,40.2,47.6,48,,47.80,181.21,184.43,,182.82,154.26,154.64,,154.45,,,
2,r07035,149,101,198,42.6,43.6,,43.1,47.6,46.4,48.00,47.33,180.40,180.44,183.44,181.43,165.8,158.31,,162.055,4.045455,,
2,r07035,156,108,209,45.1,45,,45.05,49.4,48.7,,49.05,188.30,181.03,,184.67,162.33,157.19,,159.76,25.66667,42.35,4.269153
2,r10081,41,-4,180,,,,,,,,,,,,,,,,,,,
2,r10081,48,3,203,,,,,,,,,,,,,35.05,34.79,,34.92,,,
2,r10081,55,10,200,4.3,4.3,,4.3,15.1,15,,15.05,51.51,52.70,,52.11,44.78,44.75,,44.765,,,
2,r10081,62,17,194,7.2,7.1,,7.15,19.7,19.3,,19.50,70.10,68.09,,69.10,56.57,57.6,,57.085,,,
2,r10081,69,24,191,10.6,10.4,,10.5,23.2,23.4,,23.30,78.44,79.31,,78.88,69.96,69.07,,69.515,4.25,23.55,4.377323
2,r10081,76,31,200,13.2,13.3,,13.25,27,26.7,,26.85,92.88,93.88,,93.38,77.33,78.85,,78.09,,34.6,5.164179
2,r10081,83,38,201,17.1,16.5,,16.8,30.1,30.1,,30.01,112.85,110.59,,111.72,92.12,92.69,,92.405,,,
2,r10081,87,42,186,18.5,18,,18.25,31.1,31.1,,31.10,113.61,113.75,,113.68,88.02,89.45,,88.735,6.536585,,
2,r10081,97,52,196,,,,,,,,,,,,,,,,,,,
2,r10081,104,59,189,25.5,25.6,,25.55,38.1,38,,38.05,140.50,139.59,,140.05,109.44,105.67,,107.555,18.61905,31.98,4.007519
2,r10081,111,66,200,28.3,28.6,,28.45,39.9,40.4,,40.15,155.17,153.52,,154.35,125.26,126.57,,125.915,8.191489,36.52,3.935345
2,r10081,118,73,176,31.8,31.5,,31.65,42.3,42.1,,42.20,161.21,162.97,,162.09,132.12,132.69,,132.405,4.468085,43.7,5.4625
2,r10081,125,80,204,34.6,33.4,,34,44.5,44.2,,44.35,168.89,168.98,,168.94,144.34,136.61,,140.475,,,
2,r10081,132,87,207,35.5,36.1,,35.8,45.4,45.2,,45.30,174.01,172.64,,173.33,138.57,142.03,,140.3,7,38.47,6.379768
2,r10081,139,94,202,38.9,39,,38.95,46.6,46.9,,46.75,175.64,176.45,,176.05,146.03,145.59,,145.81,3.613445,38.47,3.428699
2,r10081,146,101,191,39.6,39.6,,39.6,47.3,47.1,,47.20,175.20,181.18,,178.19,146.54,142.52,,144.53,,,
2,r10081,153,108,202,41.6,41.8,,41.7,49.1,48.5,,48.80,182.35,184.64,,183.50,151.31,,,151.31,3.10596,46.3,3.066225